	Col 1	Col 2	Col 3	Col 4	Col 5	Col 6	Col 7	Col 8	Col 9	Col 10	Col 11	Col 12	Col 13	Col 14	Col 15	Col 16	Col 17	Col 18	Col 19	Col 20	Col 21	Col 22	Col 23	Col 24	Col 25	Col 26	Col 27	Col 28	Col 29	Col 30	Col 31	Col 32	Col 33	Col 34	Col 35	Col 36	Col 37	Col 38	Col 39	Col 40	Col 41	Col 42	Col 43	Col 44	Col 45	Col 46	Col 47	Col 48	Col 49	Col 50	Col 51	Col 52	Col 53	Col 54	Col 55	Col 56	Col 57	Col 58	Col 59	Col 60	Col 61	Col 62	Col 63	Col 64	Col 65	Col 66	Col 67	Col 68	Col 69	Col 70	Col 71	Col 72	Col 73	Col 74	Col 75	Col 76	Col 77	Col 78	Col 79	Col 80	Col 81	Col 82	Col 83	Col 84	Col 85	Col 86	Col 87	Col 88	Col 89	Col 90	Col 91	Col 92	Col 93	Col 94	Col 95	Col 96	Col 97	Col 98	Col 99	Col 100
Row 1	35	0	48	23	78	51	97	37	12	23	75	44	77	52	28	88	1	62	46	72	67	61	27	42	55	59	27	49	23	14	58	34	16	50	48	27	72	86	55	4	92	59	31	46	39	94	42	11	39	48	16	44	75	41	0	9	4	41	16	71	61	7	52	67	67	93	68	41	27	36	2	88	52	2	55	19	71	71	88	6	34	91	32	7	10	87	26	6	17	3	78	24	64	75	38	84	39	54	26	59
Row 2	55	80	27	32	15	78	43	88	45	87	8	72	4	13	27	65	2	65	50	82	83	6	56	34	13	80	9	37	81	61	94	28	10	94	38	14	75	12	71	68	60	25	4	30	59	22	13	84	60	55	6	20	48	35	26	7	37	81	70	1	2	19	23	59	82	17	36	34	81	17	47	69	61	94	21	40	6	14	30	57	32	5	41	66	61	36	39	8	28	66	59	39	67	26	68	41	74	67	86	22
Row 3	95	81	73	76	57	61	78	73	95	31	91	82	63	28	98	24	37	75	50	13	22	80	38	66	23	45	5	42	57	41	33	83	26	1	71	56	11	79	78	29	10	5	74	61	92	36	69	16	23	54	65	17	85	58	72	98	31	11	30	94	55	22	16	87	28	93	46	64	9	23	12	56	83	37	23	1	14	95	75	88	67	95	8	79	33	75	80	94	87	53	20	87	41	29	34	37	74	79	92	11
Row 4	98	53	10	33	91	67	95	73	11	70	14	5	37	54	58	48	48	73	70	66	27	32	19	70	10	5	38	95	50	22	31	15	63	38	27	39	23	52	43	31	67	81	42	5	88	81	31	62	48	78	87	44	32	0	73	52	77	30	72	36	82	46	68	57	42	59	35	46	28	68	22	81	13	70	76	8	30	4	66	45	42	46	71	87	34	86	38	49	40	60	19	91	12	30	21	86	67	6	20	22
Row 5	9	42	45	9	77	29	78	69	31	4	42	6	65	67	2	28	87	47	6	80	25	21	6	58	59	39	98	99	3	33	59	45	71	65	10	50	23	88	44	31	21	47	92	43	50	26	64	41	70	81	59	79	46	74	12	54	56	96	53	72	88	34	66	16	69	64	33	43	87	84	77	57	38	92	74	94	44	50	98	2	20	70	15	21	48	48	64	86	73	43	6	97	88	28	27	99	43	97	64	70
Row 6	94	9	93	80	75	6	40	19	39	91	79	43	76	49	63	88	36	51	64	68	50	91	5	9	30	70	68	92	7	53	56	4	95	79	1	32	38	5	84	29	24	58	43	16	20	43	25	93	93	9	21	88	68	59	83	55	84	19	83	82	31	37	81	25	30	16	39	25	0	6	25	84	83	4	35	31	53	51	83	3	17	78	98	75	4	74	22	30	56	5	75	85	63	46	92	26	60	76	64	44
Row 7	84	46	93	26	95	35	66	72	84	38	44	5	88	56	48	47	41	86	80	85	15	0	77	66	23	83	9	30	66	12	44	64	19	74	68	47	52	62	6	19	86	89	86	54	83	76	77	63	54	17	19	67	64	59	96	3	52	80	94	87	9	36	44	13	0	34	76	13	30	48	69	72	2	10	29	23	45	76	39	64	4	34	56	6	86	23	71	72	23	12	87	62	8	66	64	79	21	10	78	44
Row 8	53	19	53	2	19	39	49	70	43	72	53	8	50	45	81	31	15	82	16	6	40	73	53	91	33	81	60	5	91	59	77	12	23	11	34	49	10	93	91	69	72	9	31	9	39	89	47	81	49	65	52	41	48	33	23	15	81	39	94	41	46	1	72	85	59	91	25	72	76	67	2	62	27	37	95	55	34	39	42	43	95	42	8	94	58	68	2	55	95	14	62	10	38	83	73	90	80	20	37	78
Row 9	34	78	37	48	96	1	86	23	65	90	40	32	86	95	5	89	51	2	47	41	58	78	96	15	28	67	50	33	20	65	86	30	15	32	65	75	85	5	86	39	22	0	27	66	62	93	81	85	91	21	66	66	15	53	64	94	90	40	25	62	13	2	95	71	62	18	67	94	80	53	72	44	20	3	51	74	57	49	55	63	2	20	95	33	50	26	29	22	68	68	84	33	61	36	8	85	44	59	63	90
Row 10	55	52	63	28	93	30	19	79	8	31	26	38	1	92	77	82	86	75	5	40	37	6	88	80	14	40	38	57	52	31	66	8	27	12	42	69	51	32	58	38	12	68	73	43	65	66	89	75	31	59	50	70	66	22	71	12	43	36	9	34	56	79	74	88	8	49	9	25	40	73	63	19	53	57	80	28	66	33	96	77	32	82	53	55	91	10	16	85	13	3	46	13	67	8	80	64	72	13	94	62
Row 11	71	76	74	16	47	3	29	93	49	89	84	42	97	13	34	26	99	4	66	38	41	9	66	53	22	50	94	3	66	33	22	47	59	88	97	31	50	10	16	44	0	20	79	87	42	15	14	76	91	45	62	41	66	58	43	77	43	54	57	72	14	87	16	40	54	30	71	48	9	24	9	37	39	46	81	56	85	13	86	62	98	76	66	83	47	2	7	18	14	76	66	83	15	78	99	50	39	28	56	55
Row 12	3	44	16	21	25	69	3	56	1	48	34	0	81	27	78	66	72	14	27	26	30	36	82	50	35	70	44	19	78	63	58	29	50	64	59	8	65	5	92	37	24	92	66	93	48	82	89	96	98	64	45	40	26	20	71	20	15	62	96	37	53	99	14	65	91	89	45	64	31	73	54	81	71	95	90	3	4	83	41	11	59	54	10	51	21	83	41	81	45	34	1	39	70	48	4	56	56	88	81	19
Row 13	2	75	55	40	71	81	33	40	58	42	74	35	29	80	78	81	40	4	56	52	52	69	60	47	19	67	69	77	85	15	13	89	69	94	6	82	53	6	68	42	34	48	39	8	43	84	19	16	13	99	16	35	53	6	62	37	96	36	13	15	45	91	95	60	87	60	1	23	68	96	79	53	96	10	56	99	79	38	54	62	33	6	53	64	42	98	7	17	98	38	70	42	22	59	47	21	85	4	80	53
Row 14	87	60	93	46	73	83	64	70	29	73	28	1	72	65	41	28	74	80	38	73	8	9	17	72	83	77	30	32	63	28	14	17	67	37	87	70	75	84	31	95	12	89	99	54	39	84	43	19	47	7	27	39	49	94	60	47	80	37	11	17	56	51	30	12	34	98	7	7	68	21	88	5	44	4	40	2	8	21	9	16	78	16	64	25	53	34	28	61	59	88	23	4	80	89	50	54	43	56	13	53
Row 15	88	89	33	13	29	42	22	17	10	16	30	58	33	25	79	46	64	62	52	52	16	65	81	4	24	50	71	70	36	88	94	27	10	51	57	0	29	13	57	30	92	23	21	82	7	15	31	86	17	47	63	92	71	92	37	48	68	99	54	58	18	6	46	56	57	10	64	97	95	53	55	61	67	73	30	9	55	14	3	32	24	0	83	68	39	12	83	36	35	11	57	71	11	40	76	71	36	78	52	61
Row 16	28	23	4	23	10	34	0	92	91	65	32	80	70	0	12	37	1	48	63	6	59	92	56	4	24	98	58	15	53	4	79	55	58	34	16	97	22	15	83	42	12	59	80	87	8	3	68	36	19	42	2	35	62	78	12	50	61	65	66	18	90	40	11	62	67	15	18	9	71	66	63	51	60	3	23	92	91	43	66	76	92	47	98	53	43	38	56	87	51	84	45	65	63	31	66	77	2	32	53	67
Row 17	62	82	2	60	50	74	99	5	45	18	94	5	16	16	17	29	46	55	11	66	85	67	14	72	9	42	85	88	57	85	98	0	51	67	43	98	97	4	35	5	55	59	74	18	66	91	16	91	35	32	98	90	71	39	26	62	45	96	7	53	18	69	51	10	41	99	46	5	58	60	71	19	57	39	19	30	57	78	32	91	51	97	63	99	95	61	98	85	93	12	13	59	45	29	58	95	65	92	10	20
Row 18	74	43	68	29	42	19	76	29	70	43	71	25	85	61	36	77	4	91	24	64	78	15	30	38	64	60	16	65	88	62	98	9	22	33	53	86	55	76	22	12	53	62	4	15	48	4	30	52	4	2	46	52	63	16	11	44	34	16	40	0	2	93	59	0	40	17	97	84	64	33	45	7	83	87	22	63	70	29	83	14	1	54	75	87	5	31	23	72	65	49	54	28	79	32	37	55	7	43	54	62
Row 19	99	61	77	0	55	11	29	51	95	92	87	55	75	8	92	66	89	98	61	12	44	1	30	87	59	89	45	70	82	76	25	41	63	11	99	9	73	38	16	15	90	74	8	3	61	39	4	54	49	0	54	81	64	83	27	95	84	54	88	17	9	44	35	66	86	19	8	40	64	29	11	87	50	1	53	87	86	84	92	61	55	55	44	1	91	59	40	94	7	21	84	10	27	73	74	44	1	29	54	99
Row 20	87	88	86	99	25	65	26	68	56	60	95	40	21	85	91	47	71	77	78	70	94	54	20	22	83	95	52	74	55	13	77	21	79	45	64	95	23	42	66	46	34	61	9	77	80	58	80	44	5	75	79	4	74	36	73	20	55	74	54	68	38	12	60	0	18	82	27	99	58	68	66	24	61	94	91	42	28	66	96	21	35	70	50	71	3	35	5	90	57	43	73	67	94	19	25	42	47	44	82	95
Row 21	39	25	79	46	79	40	10	98	14	44	69	75	32	4	65	59	14	81	49	87	24	26	93	64	84	88	29	19	71	0	67	10	81	96	69	40	81	5	74	36	15	47	97	66	52	27	3	86	17	54	3	52	18	45	78	69	18	29	57	55	30	46	76	85	9	16	38	4	45	79	19	46	39	18	59	66	16	35	74	80	92	76	18	42	45	0	33	82	55	95	36	5	78	55	36	33	92	83	64	56
Row 22	21	10	61	84	22	61	47	93	87	31	37	13	26	48	84	21	7	28	90	30	5	35	55	74	78	45	73	94	63	97	11	46	92	28	46	77	66	93	92	56	82	40	90	47	11	89	41	57	82	69	30	79	73	62	77	69	63	72	82	15	72	78	57	91	50	18	36	80	82	61	23	68	31	46	30	43	82	49	25	79	74	41	90	19	30	37	81	90	60	94	93	12	45	59	14	57	46	79	14	34
Row 23	78	77	32	73	20	4	10	47	0	64	90	77	32	43	10	92	71	56	78	33	32	45	26	87	90	22	84	42	30	73	18	50	19	15	55	4	62	4	56	30	43	29	69	74	36	60	45	87	12	1	87	66	31	55	29	99	0	12	76	15	26	95	87	74	81	4	80	9	57	52	69	70	94	85	5	10	86	28	53	89	22	85	48	93	93	68	54	44	86	33	80	26	61	5	12	62	47	71	94	76
Row 24	74	3	72	2	59	90	14	27	80	56	89	6	49	32	92	70	50	72	63	45	85	83	83	98	94	25	83	0	58	59	61	60	65	61	28	92	71	39	62	23	53	28	46	79	98	44	51	22	19	89	1	59	54	88	19	50	29	8	56	36	70	72	2	54	78	4	50	25	61	79	22	75	51	35	9	12	85	96	55	50	16	1	13	60	2	60	77	51	73	16	81	98	83	79	50	68	38	99	63	77
Row 25	71	56	85	37	96	2	99	29	37	20	76	60	3	35	99	96	23	93	39	19	22	19	23	61	87	84	13	26	48	40	87	20	33	27	33	66	58	56	24	19	32	78	22	24	28	38	68	25	90	37	84	86	67	28	8	5	23	3	67	8	60	61	49	33	30	32	68	11	40	88	11	60	41	10	18	63	31	63	12	36	51	82	24	2	15	99	42	99	13	8	58	96	21	24	83	45	34	91	96	43
Row 26	44	29	75	85	70	13	49	96	3	55	53	8	27	16	28	61	89	40	5	38	56	11	52	51	92	27	55	82	22	40	63	92	48	36	65	1	35	47	65	88	36	87	0	91	28	6	20	63	73	31	9	90	93	98	33	86	3	49	45	54	81	63	19	13	75	55	43	54	72	1	51	32	93	65	22	75	55	94	31	21	58	79	75	61	58	73	95	50	24	52	30	29	42	52	4	47	47	90	19	75
Row 27	77	82	44	65	37	9	54	90	97	92	63	22	28	25	15	52	7	13	3	65	71	29	46	12	21	50	40	62	11	72	31	21	99	10	98	5	5	49	48	37	62	96	43	30	88	71	94	13	97	21	38	11	80	86	24	73	89	92	70	68	90	48	69	64	16	18	86	56	4	97	79	38	49	88	65	56	75	5	91	59	99	6	28	14	77	37	86	98	70	40	65	80	54	46	62	58	71	63	4	29
Row 28	38	13	43	16	41	99	66	29	51	42	77	55	35	40	49	39	71	18	12	27	65	67	0	43	29	77	43	56	11	90	50	51	21	50	35	30	40	70	19	10	48	59	42	31	87	81	12	10	46	92	11	34	58	87	41	89	59	1	12	15	10	19	82	97	70	14	84	40	56	44	72	54	43	0	82	50	55	41	90	72	30	36	76	90	14	79	33	20	80	0	6	75	22	89	8	3	4	0	97	9
Row 29	54	73	31	70	95	42	26	0	31	76	13	0	10	77	78	84	27	81	81	0	22	9	33	38	86	97	57	54	27	76	92	43	14	6	97	68	20	93	92	28	39	78	53	85	69	56	69	6	4	73	81	72	24	7	82	2	68	36	56	48	80	77	56	29	31	87	39	7	82	74	18	63	24	74	39	13	56	2	40	10	36	61	98	42	38	66	82	7	19	42	74	16	99	37	91	68	87	42	9	97
Row 30	98	23	22	49	94	64	58	83	5	44	9	46	54	51	79	80	28	36	17	54	22	36	93	56	28	9	25	8	50	61	13	16	55	2	90	74	47	11	82	75	9	21	53	27	39	43	17	75	72	7	35	69	5	31	48	6	29	79	84	91	29	48	95	80	33	36	26	99	48	42	81	42	7	21	41	11	57	25	4	4	93	40	31	35	60	3	19	21	91	9	60	35	42	51	54	50	98	21	76	99
Row 31	2	96	5	65	37	28	63	57	56	17	29	78	32	82	67	43	92	16	74	99	88	21	49	52	73	48	35	2	93	55	83	22	12	72	43	68	52	11	25	78	22	90	43	34	27	25	91	12	20	66	72	71	53	39	29	69	66	44	62	12	9	59	83	60	47	25	82	26	85	6	36	34	24	52	63	48	70	83	77	64	0	8	61	96	94	72	74	70	72	43	51	86	72	54	23	9	96	76	38	90
Row 32	58	51	20	40	72	95	64	60	89	99	12	68	71	91	0	80	67	59	8	10	23	9	10	13	38	83	90	79	17	42	13	91	30	98	32	5	89	90	89	80	28	77	19	87	51	83	99	60	70	6	99	50	91	72	66	76	0	40	71	63	58	10	37	80	1	4	19	94	20	31	51	70	95	37	63	71	94	96	95	34	19	82	69	13	40	90	42	27	83	28	66	58	42	11	78	39	5	63	27	6
Row 33	15	11	70	35	89	58	64	32	72	90	44	86	21	8	81	11	32	58	78	71	16	74	36	14	41	99	46	25	75	95	84	37	54	91	9	31	92	99	34	26	58	82	63	30	0	77	79	80	30	0	38	58	72	0	41	82	83	53	48	49	36	34	83	20	83	27	3	30	68	64	66	54	75	67	44	27	53	25	43	70	82	29	91	4	67	3	50	0	34	41	72	15	70	9	18	70	9	4	17	71
Row 34	30	88	32	55	57	26	83	52	18	68	89	77	36	69	6	72	76	41	49	11	55	41	15	2	11	88	15	49	48	53	25	29	43	72	39	64	91	61	2	4	74	96	35	88	79	68	38	92	72	99	86	9	71	58	13	78	78	41	62	48	81	3	43	15	94	55	16	67	92	34	79	46	25	9	97	7	80	35	75	45	41	91	73	8	73	77	88	57	50	52	71	12	17	38	89	92	73	49	0	87
Row 35	47	60	68	99	83	28	25	60	27	70	28	72	76	69	98	49	89	79	89	41	56	25	45	15	74	25	47	69	0	61	81	20	76	84	19	85	17	39	21	58	13	33	50	17	51	68	10	82	68	25	80	24	58	59	34	80	72	43	83	79	89	19	86	91	19	17	62	27	29	44	88	27	9	91	12	39	74	96	89	89	12	15	59	54	1	96	47	60	75	64	84	5	6	7	32	48	5	78	10	3
Row 36	54	95	22	51	19	24	7	2	7	83	98	13	10	91	91	71	26	19	43	52	71	46	31	98	19	14	86	16	67	57	83	65	97	71	74	94	23	69	71	97	89	13	71	42	2	38	86	31	67	6	31	90	69	65	67	90	28	48	8	82	53	17	47	91	99	72	15	52	2	46	41	45	18	74	4	71	25	98	97	59	69	43	56	76	0	56	48	30	97	31	83	58	13	64	91	29	27	66	31	51
Row 37	84	18	99	16	31	2	36	9	27	58	55	34	37	52	6	53	34	38	64	6	76	31	0	74	92	64	4	0	59	55	78	21	79	70	74	68	13	39	28	41	35	0	47	46	50	25	16	38	54	53	37	40	18	41	80	78	91	59	12	51	88	97	49	6	97	38	86	8	48	96	78	51	10	41	12	19	10	35	3	60	22	40	11	68	40	12	93	94	18	90	10	75	25	26	44	65	81	72	95	94
Row 38	18	74	97	26	52	92	48	88	97	56	72	85	0	50	41	91	5	51	53	97	86	25	53	25	92	38	68	15	53	87	32	65	34	88	63	9	39	65	35	28	5	7	56	26	86	43	83	90	85	78	46	78	82	6	38	51	52	13	94	7	17	81	49	70	93	36	31	9	24	11	0	21	24	42	42	55	78	74	48	84	61	81	2	59	74	42	11	82	27	10	26	48	61	90	41	8	75	89	91	53
Row 39	56	4	71	83	55	57	40	85	54	31	16	94	94	4	97	4	40	13	71	76	17	97	21	69	46	83	59	13	63	80	77	33	9	42	60	9	28	44	51	48	81	69	80	99	62	38	24	11	91	33	20	97	39	8	62	33	72	64	1	17	9	44	85	58	88	74	74	61	93	79	20	84	38	57	65	33	8	56	89	24	33	99	56	79	87	75	39	86	33	29	95	29	59	73	54	89	57	28	87	49
Row 40	90	21	67	73	85	55	2	4	59	23	88	4	16	79	59	29	61	62	60	84	3	9	35	28	97	48	10	34	17	9	65	46	76	36	37	41	22	28	43	93	2	65	2	24	27	70	29	13	61	28	57	78	96	95	10	92	77	87	46	77	52	24	92	54	84	72	23	96	29	33	3	68	16	35	88	54	66	59	48	39	4	57	3	39	25	15	88	39	14	5	38	64	14	57	12	61	45	30	95	25
Row 41	66	52	10	29	47	54	10	80	12	38	70	87	79	59	57	59	7	87	55	43	86	93	58	20	93	29	75	67	98	65	67	98	68	15	64	65	42	68	10	82	13	38	54	22	90	23	73	32	31	68	98	83	61	0	79	77	67	47	66	6	13	5	39	77	78	59	11	87	4	34	2	53	82	47	17	41	1	23	30	31	87	72	22	86	83	96	15	4	54	28	50	74	49	93	98	80	77	24	67	55
Row 42	72	32	14	86	94	3	61	91	94	40	53	99	58	73	88	3	66	43	89	92	60	37	10	42	93	46	89	34	6	18	20	8	82	32	0	15	56	95	56	41	92	61	82	71	13	79	80	9	9	36	44	79	51	89	24	82	86	19	6	53	29	32	54	21	35	43	52	60	73	25	73	36	79	3	6	81	73	34	16	68	33	54	73	65	23	72	45	0	76	96	28	56	25	11	38	98	50	9	48	11
Row 43	35	18	50	31	59	67	30	22	85	24	56	71	31	8	37	94	69	81	56	52	79	30	52	66	73	21	47	49	74	16	75	35	9	32	5	65	79	91	24	7	18	72	53	46	10	85	89	71	96	10	7	62	84	62	91	6	76	96	76	47	21	4	92	99	5	93	94	97	71	58	69	61	85	48	99	1	71	9	79	3	47	3	44	62	66	49	28	42	90	96	3	70	94	12	12	61	60	98	82	9
Row 44	0	94	83	1	54	1	85	56	11	43	53	39	73	17	63	10	41	30	82	85	70	68	0	56	45	54	97	12	9	28	37	12	81	68	91	23	32	31	3	10	86	71	1	96	3	67	68	44	63	80	32	50	33	1	37	26	6	53	75	19	66	52	51	70	58	90	20	6	55	40	15	52	84	53	91	7	70	61	51	77	17	34	79	9	73	34	60	3	13	78	26	4	55	86	93	16	67	90	82	84
Row 45	90	60	56	9	55	21	83	6	72	46	25	96	49	0	58	33	44	24	56	66	35	49	71	94	7	0	8	14	2	76	96	49	38	35	59	28	27	40	14	93	31	22	58	68	19	13	24	82	55	61	78	32	21	93	58	93	44	44	53	48	1	96	38	29	99	35	85	36	89	40	81	80	95	85	41	45	48	94	37	57	41	63	89	50	89	27	33	9	21	10	18	79	82	41	66	97	19	55	18	18
Row 46	73	70	80	5	28	93	12	80	40	52	93	47	72	5	47	39	85	26	40	35	73	85	48	79	36	36	96	64	67	8	86	64	0	58	52	78	10	12	64	10	25	95	24	40	31	24	71	40	25	92	15	75	93	15	72	4	54	64	82	55	95	31	23	16	36	50	25	28	3	91	40	58	84	24	0	46	13	26	7	96	12	70	11	18	80	43	98	76	95	52	62	11	1	24	31	21	29	15	66	30
Row 47	91	44	60	0	33	51	89	91	59	84	54	63	27	78	77	4	44	23	12	69	22	32	54	35	78	17	14	58	50	64	29	78	68	17	73	4	32	38	64	60	0	64	6	30	59	97	38	29	3	68	62	69	7	51	64	36	38	38	37	15	96	33	58	56	98	92	21	34	36	37	93	58	1	48	56	47	66	70	44	48	36	34	40	81	82	18	16	80	21	22	81	42	5	20	98	86	60	79	56	48
Row 48	74	72	42	42	47	39	78	84	8	55	97	77	91	79	18	39	6	70	55	80	89	62	79	27	5	69	18	3	31	33	38	89	29	73	42	14	10	70	64	39	54	57	98	24	58	22	84	82	7	64	66	9	4	57	93	3	65	37	20	8	84	51	94	67	19	47	69	16	12	18	0	99	47	19	56	67	12	59	63	43	12	64	12	18	63	28	66	88	28	46	54	14	2	97	29	14	11	37	9	30
Row 49	86	75	55	15	50	64	81	79	45	46	90	11	54	75	76	43	56	78	25	41	98	22	80	99	27	59	39	91	21	60	33	16	48	52	56	7	63	68	29	84	3	22	86	49	51	37	44	82	35	91	46	72	89	18	64	30	54	43	85	26	66	54	6	47	41	51	7	52	51	79	58	23	79	41	30	10	4	1	12	5	91	40	11	59	29	1	1	62	67	33	43	56	57	7	69	49	13	2	16	75
Row 50	74	3	32	82	67	82	58	47	69	81	22	93	8	29	96	52	4	46	25	6	19	8	83	79	43	40	50	74	7	44	26	1	19	90	22	43	35	89	79	72	53	65	92	48	20	3	3	42	23	46	17	72	22	19	15	52	34	65	69	3	92	37	99	13	32	92	94	28	88	91	22	87	28	60	90	44	19	93	17	17	11	77	63	63	38	21	18	76	23	16	62	22	0	11	20	88	34	17	12	76
Row 51	47	82	13	95	77	27	12	84	39	45	67	17	0	43	90	35	14	5	50	58	56	30	9	60	94	33	15	9	15	9	11	53	13	89	47	19	93	1	45	26	21	81	59	54	91	24	57	13	62	53	24	12	80	85	67	51	67	84	81	70	84	77	96	3	54	22	58	33	68	3	36	62	32	93	33	63	0	74	27	59	23	62	41	84	17	18	64	13	6	15	52	83	51	5	14	58	59	46	14	93
Row 52	98	13	4	49	90	34	80	66	30	67	64	20	89	22	70	30	65	43	58	35	53	0	58	58	54	37	38	97	35	2	61	19	72	89	7	94	61	37	53	37	59	40	96	95	99	80	95	14	11	54	86	79	99	74	86	1	15	95	85	8	80	15	0	70	33	0	66	88	38	10	98	90	95	32	48	22	40	34	64	38	24	60	26	73	6	62	47	85	49	70	76	20	22	55	56	10	1	84	53	38
Row 53	65	2	61	95	94	30	5	0	25	89	79	92	67	89	5	96	14	49	12	31	32	28	71	79	89	42	42	22	15	54	17	91	39	67	29	2	88	8	37	35	58	23	30	9	9	13	43	78	85	99	16	11	52	15	87	71	36	61	18	85	25	44	23	10	4	59	97	80	34	96	70	19	3	80	29	42	25	69	60	29	24	12	34	45	34	10	73	79	41	10	99	6	99	22	9	1	50	2	46	16
Row 54	10	63	0	71	58	44	10	4	52	98	84	69	57	50	50	87	78	82	43	97	70	8	46	0	57	36	73	44	22	89	46	17	8	7	9	36	41	89	10	63	90	1	75	39	61	76	90	42	52	8	58	76	75	40	40	68	58	24	36	94	95	93	84	57	67	83	18	44	62	38	16	64	48	99	87	8	71	30	62	46	39	93	75	9	53	51	48	32	91	1	5	14	14	88	21	67	10	42	29	46
Row 55	86	85	68	71	0	48	3	55	80	36	97	83	75	52	45	4	96	69	75	35	1	30	63	65	67	13	22	20	46	59	43	20	42	43	81	42	29	83	63	80	20	39	35	82	53	70	79	23	99	22	85	27	1	87	45	32	94	61	65	73	75	41	78	16	50	38	93	47	22	1	28	2	87	88	69	56	5	51	37	22	13	92	35	99	21	68	92	56	17	27	15	0	28	46	84	56	1	63	58	47
Row 56	59	16	7	18	47	23	90	99	79	94	93	95	33	23	14	39	2	72	4	58	12	30	39	77	63	82	64	10	56	43	15	22	45	99	67	54	7	17	32	32	1	62	77	18	31	81	14	62	77	89	69	58	11	34	70	14	70	43	35	36	55	20	9	12	28	83	71	38	77	82	37	64	12	33	64	50	34	76	53	15	82	17	18	99	33	24	25	28	12	96	51	56	74	94	42	78	72	57	80	84
Row 57	77	76	75	47	17	60	98	85	41	24	55	68	83	43	77	61	45	15	31	68	94	47	40	47	92	27	36	44	82	83	79	88	29	32	46	41	70	69	53	77	85	88	39	48	95	72	35	83	71	27	34	92	20	6	6	53	16	37	19	90	18	62	36	25	67	44	52	15	1	83	56	15	36	27	85	28	45	54	36	55	82	41	54	9	0	35	90	6	46	39	21	21	28	81	73	55	22	44	24	51
Row 58	8	57	62	23	29	85	13	22	65	44	39	52	11	37	48	89	73	62	35	69	84	53	95	27	5	2	62	28	3	45	63	26	45	10	30	48	19	3	72	93	61	79	86	79	89	30	12	57	27	23	37	58	26	64	81	15	20	8	6	23	13	89	38	87	83	38	48	30	25	8	59	99	4	19	81	54	9	71	69	29	8	6	70	73	86	94	59	96	18	56	87	37	26	89	47	42	31	24	20	68
Row 59	5	23	65	38	76	54	45	66	34	77	50	43	66	92	96	55	97	80	58	97	93	81	29	42	85	71	48	39	67	26	60	24	26	10	42	9	3	42	82	25	34	62	68	64	17	37	77	54	49	24	17	3	21	79	44	55	85	1	82	24	97	99	28	24	61	49	10	97	99	59	44	89	18	65	8	85	32	34	67	50	85	47	65	92	90	10	54	62	33	54	58	7	56	68	43	65	36	67	15	80
Row 60	0	10	8	11	18	70	65	2	48	18	94	70	44	2	13	16	22	19	20	72	27	5	53	10	78	19	34	10	87	44	5	86	5	93	26	73	97	90	91	87	81	59	26	6	13	95	31	51	53	58	22	8	52	78	99	13	48	75	33	88	84	68	1	13	19	53	96	9	51	7	92	15	90	93	65	29	71	84	14	47	56	45	92	18	98	15	36	12	8	44	31	72	73	37	66	83	96	34	63	70
Row 61	65	6	42	36	71	8	13	1	56	78	5	75	45	18	75	7	55	26	34	88	97	94	83	87	65	42	67	81	62	30	35	90	16	11	98	47	14	99	58	54	56	41	53	92	53	8	34	1	58	85	92	38	91	7	59	98	44	79	51	38	27	3	88	77	6	90	74	47	47	89	51	95	48	90	79	69	24	11	60	43	74	28	56	56	63	75	95	39	27	1	91	97	56	40	45	99	71	12	18	10
Row 62	91	87	49	41	85	55	2	43	99	35	19	84	81	86	25	21	53	45	51	61	46	16	91	56	47	23	62	94	74	83	61	76	41	96	12	37	43	33	64	79	28	53	32	79	59	9	80	7	43	36	10	5	72	64	22	39	48	42	70	12	78	18	75	99	26	91	17	27	44	41	47	46	47	44	74	92	38	47	74	94	27	90	53	9	90	45	61	13	31	1	89	7	97	93	67	54	47	26	73	43
Row 63	88	4	93	44	36	85	4	14	72	51	6	27	34	78	57	88	51	28	12	50	86	3	6	75	81	4	33	43	9	22	96	1	46	73	16	85	59	99	68	98	59	3	44	13	21	39	29	0	25	7	53	67	68	50	78	16	0	64	20	62	56	28	59	68	44	30	18	49	47	34	64	88	72	62	72	64	90	40	58	56	52	58	37	84	37	78	92	33	80	89	82	74	45	85	65	55	55	57	94	1
Row 64	85	17	75	11	78	45	38	12	75	34	10	67	32	68	8	15	25	69	27	66	98	95	57	22	7	66	51	28	89	93	75	50	33	43	68	83	47	26	57	78	4	24	3	16	41	95	8	94	37	34	41	90	17	78	55	27	6	17	90	18	40	72	53	79	54	13	23	28	38	32	51	71	48	18	41	6	37	62	87	25	80	54	28	30	33	15	98	80	96	20	77	22	67	32	72	63	68	45	91	10
Row 65	85	1	10	55	4	39	31	50	23	3	76	48	5	65	4	87	12	45	69	81	52	4	46	91	2	17	46	39	94	3	31	99	20	3	64	20	33	12	54	8	81	2	27	38	0	68	92	90	51	45	60	74	86	54	0	68	92	30	67	60	25	76	69	22	30	99	81	58	15	46	24	36	79	12	29	92	48	14	88	2	1	20	9	19	68	3	45	35	31	5	98	75	84	12	20	70	73	75	12	79
Row 66	0	0	86	18	60	43	96	0	11	58	49	48	64	53	46	14	7	19	56	11	7	47	73	84	27	19	5	75	5	63	80	73	61	15	44	26	77	85	73	83	56	16	87	70	47	7	73	83	33	92	88	36	50	88	70	64	25	26	54	37	39	28	41	53	19	40	67	44	15	61	64	19	2	56	83	1	30	35	86	4	57	3	33	87	41	41	7	70	92	25	26	32	80	90	62	17	11	32	74	73
Row 67	67	20	65	52	95	6	43	69	20	16	77	95	11	15	68	0	36	7	80	92	51	75	22	51	67	59	8	34	89	34	33	82	45	32	70	98	29	50	30	1	8	31	86	74	4	14	42	30	0	15	57	64	36	9	4	19	69	49	31	95	55	12	72	34	14	17	35	88	12	59	51	31	4	91	34	69	15	57	13	28	0	35	94	32	26	48	3	84	16	44	74	26	67	15	85	23	9	23	37	11
Row 68	50	43	38	71	93	67	41	72	49	15	29	16	89	94	34	88	19	38	25	11	65	8	63	17	22	52	38	5	35	4	82	12	53	22	90	82	50	28	71	93	16	87	45	91	20	51	51	5	92	56	51	10	87	51	60	94	71	85	37	47	11	44	66	35	71	30	94	86	77	92	70	31	62	15	44	86	64	39	24	3	8	54	90	28	72	8	27	68	44	56	98	72	2	81	9	98	8	3	37	71
Row 69	98	5	24	3	87	35	46	37	36	36	3	84	33	97	21	58	37	8	34	28	47	16	80	94	86	86	7	48	67	97	7	18	2	33	12	90	36	68	47	20	9	19	44	26	4	79	1	62	44	58	31	43	92	29	28	42	58	95	60	10	88	47	4	34	71	17	97	54	96	80	99	28	50	95	36	38	89	95	62	3	21	82	83	19	70	9	60	19	64	15	1	20	86	30	8	61	94	12	38	79
Row 70	50	29	3	95	46	58	14	33	2	36	77	2	36	17	1	95	55	86	5	49	70	19	3	19	2	8	69	52	61	7	30	48	64	34	93	71	26	17	19	41	50	67	90	90	25	23	50	34	17	58	73	13	26	76	5	57	96	22	91	69	68	44	2	65	84	10	5	43	96	90	83	73	24	83	1	82	28	48	26	75	98	51	42	99	77	76	24	93	3	30	23	9	56	1	51	60	23	42	14	44
Row 71	5	65	68	38	73	66	35	59	3	55	78	56	59	66	86	33	84	27	17	76	35	33	15	48	64	63	85	35	85	31	74	20	14	84	61	66	27	5	73	58	98	84	43	26	26	17	19	45	97	16	64	70	23	13	91	29	59	76	33	54	66	0	83	79	0	51	40	21	6	99	76	71	94	64	94	13	81	58	29	75	7	5	15	23	92	89	60	61	22	27	72	45	2	60	39	55	21	26	79	59
Row 72	77	63	72	18	50	46	71	41	91	1	32	86	41	78	89	16	58	48	29	14	27	91	64	36	30	6	38	54	6	35	77	29	98	89	64	23	92	88	87	12	6	74	79	23	64	5	49	63	55	76	44	94	15	45	41	11	32	9	12	74	77	40	94	65	97	88	99	46	39	31	10	86	7	47	20	30	45	17	56	95	17	45	80	30	41	79	35	74	28	61	2	24	80	77	91	75	87	30	24	69
Row 73	14	35	47	82	62	95	86	59	47	45	54	71	53	1	0	6	37	41	10	94	48	50	41	29	53	11	72	84	12	89	28	27	22	7	92	44	49	57	83	9	74	89	52	76	25	32	85	82	33	62	68	81	49	92	42	15	51	16	85	21	99	20	18	3	36	81	20	26	67	71	73	88	0	10	36	45	60	57	17	15	7	59	26	6	38	85	18	82	13	72	92	20	68	14	20	33	70	9	18	17
Row 74	22	60	68	65	47	66	96	38	60	59	52	8	70	13	90	4	93	50	39	56	7	55	27	22	42	12	63	31	11	18	85	58	0	5	97	26	23	33	17	15	20	10	65	44	29	37	60	73	80	48	35	75	66	93	59	36	68	12	77	58	65	8	14	67	43	85	97	90	68	9	57	85	60	78	3	15	98	10	68	6	22	94	76	25	58	70	72	57	91	33	14	66	34	7	28	95	97	63	55	22
Row 75	83	72	85	23	40	55	1	80	88	93	86	77	82	50	65	55	45	28	77	88	92	53	31	37	39	80	11	11	92	48	91	37	47	99	54	2	47	20	21	22	86	7	20	20	13	15	44	28	52	0	61	86	94	7	47	13	20	87	27	78	72	14	98	31	85	15	58	16	69	14	3	95	23	28	35	72	93	7	90	12	86	32	44	81	25	40	86	81	22	45	4	70	68	98	30	28	60	1	25	85
Row 76	33	11	71	49	95	50	70	14	3	62	75	75	20	16	28	81	32	18	80	34	57	94	39	98	21	20	40	37	66	51	75	85	48	40	37	18	42	38	72	39	48	71	85	23	16	28	27	73	72	85	82	54	24	49	94	94	91	88	9	7	48	20	59	39	48	58	8	26	55	34	21	55	26	46	94	83	94	68	39	17	13	8	11	93	80	41	13	53	6	37	44	36	52	86	7	51	24	98	80	38
Row 77	57	34	13	86	96	8	81	17	34	54	67	46	98	19	46	86	38	7	6	76	93	66	91	63	31	60	60	95	54	71	63	60	9	96	36	85	70	68	55	48	33	16	49	5	75	13	43	58	26	18	33	21	41	37	5	58	69	48	53	58	19	31	69	69	41	24	37	83	77	26	20	2	9	57	94	16	63	86	14	67	97	28	92	64	13	65	87	62	1	91	84	73	96	41	60	34	67	21	6	7
Row 78	30	85	58	53	26	74	49	8	34	0	24	75	98	67	59	90	61	28	8	63	31	90	82	59	49	95	23	36	55	42	30	51	43	83	26	8	69	96	23	51	61	34	84	72	10	38	79	22	70	98	89	11	18	60	26	39	24	95	30	31	76	35	34	48	74	75	27	47	46	3	92	62	68	47	88	48	84	6	6	11	44	43	4	61	30	14	93	29	93	0	93	12	74	37	22	14	41	23	84	62
Row 79	53	89	54	71	91	97	11	19	80	0	35	96	29	66	16	7	72	66	35	66	44	51	23	86	90	24	58	35	55	50	90	20	93	47	64	81	0	62	56	24	8	67	30	12	57	10	67	15	59	83	24	88	50	35	64	84	58	97	42	36	49	62	51	15	11	73	21	66	82	45	24	17	21	82	89	96	83	66	82	31	20	67	6	91	59	77	30	66	68	21	73	66	89	22	41	47	56	22	77	38
Row 80	68	83	74	60	6	64	80	40	50	62	23	93	73	99	51	33	65	37	34	56	93	97	88	30	56	11	88	2	4	11	24	15	61	41	93	80	82	6	2	7	98	26	50	84	1	51	91	39	84	23	25	30	50	28	71	64	11	28	81	5	52	47	38	51	95	42	74	43	85	63	46	38	90	74	85	87	5	37	66	32	11	35	37	94	98	36	44	6	56	81	33	45	75	81	47	89	91	9	33	41
Row 81	20	2	1	39	94	74	1	64	74	92	77	76	24	69	5	2	13	58	24	47	99	26	10	77	4	71	39	27	35	25	31	56	93	14	87	25	21	12	91	29	83	80	81	31	21	31	9	92	53	89	59	80	48	30	60	86	18	96	63	4	27	45	79	76	73	44	1	30	17	82	51	46	43	58	58	2	11	3	77	54	30	83	84	74	63	91	97	74	36	37	59	65	31	79	68	62	74	59	34	47
Row 82	92	70	15	43	78	56	85	17	83	35	8	37	60	73	39	50	96	43	44	67	97	7	47	44	84	83	61	66	40	16	34	39	64	92	50	52	62	68	8	24	78	98	46	91	97	17	24	60	9	74	89	74	25	66	63	34	15	5	59	95	97	22	76	76	19	21	53	69	41	82	34	54	37	37	86	54	20	44	18	74	16	40	20	26	39	21	20	17	61	45	72	53	91	57	47	1	26	79	99	46
Row 83	63	39	36	63	12	93	41	69	57	69	37	77	78	64	15	62	98	82	42	84	47	51	12	42	33	90	76	88	18	6	65	54	29	91	37	67	75	42	66	58	77	52	59	84	69	22	83	35	30	63	64	47	37	4	76	68	26	90	62	46	24	67	53	31	61	48	51	13	4	56	81	99	70	70	67	33	24	10	69	76	4	4	12	4	62	30	11	1	25	5	83	57	68	82	80	90	92	14	0	71
Row 84	67	14	69	63	83	51	5	5	87	8	18	15	58	21	60	92	78	26	7	50	35	71	75	51	21	33	36	21	28	10	25	75	20	44	4	83	81	91	30	75	77	89	85	21	99	12	69	12	4	32	97	82	95	8	13	70	52	6	45	72	26	29	68	80	89	37	42	19	2	70	80	3	19	90	53	63	35	18	95	23	40	18	4	34	96	23	64	35	19	17	7	50	88	15	21	2	32	4	2	11
Row 85	82	44	93	45	61	71	56	96	84	95	47	56	87	99	37	77	69	17	38	19	21	76	96	35	67	77	23	80	54	62	31	21	3	5	87	18	70	34	60	38	34	52	49	34	14	10	88	64	2	13	2	59	10	28	59	40	29	63	89	70	25	4	73	79	15	77	19	25	84	51	66	84	13	6	88	62	21	90	34	21	42	6	86	79	71	95	9	59	19	66	44	78	71	61	47	88	43	22	8	12
Row 86	71	76	31	87	81	60	26	53	82	45	34	12	39	57	94	48	74	73	65	47	5	81	80	35	53	36	48	56	65	51	81	16	69	94	9	52	23	83	29	74	82	54	27	96	89	46	19	33	56	21	2	28	48	21	79	58	66	44	12	66	30	52	92	49	21	33	84	44	87	47	55	24	47	92	58	60	74	24	0	20	76	27	87	56	14	93	47	83	38	50	99	13	94	42	51	37	71	3	0	32
Row 87	76	99	92	31	51	14	94	9	55	73	17	95	57	10	88	52	20	43	40	82	75	14	5	37	61	10	11	1	78	11	57	78	56	77	96	16	71	31	93	56	75	27	60	54	87	64	44	95	81	5	18	42	91	2	37	48	23	9	16	68	74	49	94	77	90	42	1	40	31	68	21	73	28	97	14	28	56	16	93	95	77	33	37	4	43	47	2	5	82	45	20	25	27	70	70	98	86	74	44	36
Row 88	82	2	91	59	71	74	30	52	43	13	43	37	67	70	29	5	43	64	85	69	58	16	65	40	55	32	72	81	89	25	93	57	92	42	42	15	13	44	26	59	31	49	9	41	89	48	11	47	51	25	7	85	8	4	32	83	10	16	78	60	63	0	29	61	18	59	61	29	11	11	46	58	76	66	11	33	84	80	57	3	38	3	94	11	76	35	7	49	84	52	57	53	29	50	4	46	28	32	47	66
Row 89	92	39	98	74	21	49	13	37	98	27	58	5	10	18	85	22	0	64	44	81	81	33	97	83	95	47	4	36	30	74	98	19	49	99	31	60	26	37	37	93	3	12	68	99	83	48	17	81	77	77	44	1	95	23	90	39	25	67	69	47	95	55	30	15	63	14	42	47	86	92	11	51	9	3	97	12	97	17	27	21	95	79	65	14	15	15	58	39	61	43	20	93	83	39	51	50	74	33	17	65
Row 90	24	0	4	95	7	32	49	99	36	4	32	49	60	95	30	68	80	36	51	92	4	89	20	80	4	62	56	75	49	81	88	86	25	79	16	76	66	42	13	44	33	76	42	98	49	46	78	27	46	88	37	55	14	11	34	46	48	75	89	31	20	47	4	35	27	19	39	18	51	68	8	74	61	61	43	79	34	23	92	68	19	57	44	23	5	95	49	19	55	4	23	7	11	20	90	59	69	10	38	27
Row 91	91	57	29	70	89	75	27	3	83	81	90	49	89	33	29	21	14	87	54	23	99	3	68	4	49	39	94	41	46	27	46	48	75	99	39	5	96	65	55	45	83	46	81	18	77	19	10	59	20	73	26	86	47	68	92	21	16	5	64	24	54	21	46	9	97	89	88	21	4	17	62	14	17	88	71	81	47	67	34	83	2	54	84	22	17	84	96	70	90	57	8	5	85	5	22	56	55	87	0	66
Row 92	88	58	82	78	55	85	67	73	73	85	68	48	48	21	76	48	84	20	70	20	91	39	70	87	2	79	19	71	3	15	55	67	15	1	48	64	9	86	87	38	6	73	49	19	8	25	21	59	94	74	49	51	55	13	61	65	88	14	50	9	69	37	92	97	84	78	3	40	7	96	46	84	22	21	80	40	96	30	47	36	87	81	51	48	56	26	78	41	89	34	86	27	20	99	23	96	64	65	6	10
Row 93	64	91	94	53	65	51	88	86	77	70	92	92	76	51	41	69	44	22	54	31	62	31	66	78	28	62	93	1	15	86	84	50	62	86	76	19	7	98	60	15	38	43	55	79	67	56	49	96	19	17	60	29	18	53	13	87	87	72	18	75	66	29	67	38	29	94	17	1	58	87	56	72	61	18	76	74	83	13	61	81	55	53	6	95	46	60	36	96	46	6	3	35	31	78	33	12	44	29	93	66
Row 94	92	28	59	47	22	57	26	3	42	28	65	65	35	94	35	39	15	58	23	27	10	65	74	70	51	43	50	44	87	57	2	28	82	71	37	86	8	33	79	73	94	22	69	10	88	41	57	56	29	13	88	1	95	54	85	58	47	50	34	30	35	99	62	18	62	5	86	16	9	13	5	94	70	67	82	48	47	66	30	79	76	56	17	44	85	1	64	20	93	66	73	98	91	24	4	26	98	41	28	46
Row 95	48	75	66	69	24	17	3	42	93	59	89	71	45	39	11	1	57	74	68	29	85	15	45	49	38	55	2	6	90	86	49	63	56	2	66	55	88	30	51	98	19	57	48	47	12	35	58	44	88	25	24	68	28	80	75	74	32	76	7	20	56	9	39	45	50	81	39	4	75	33	52	7	75	43	45	56	54	78	4	11	72	52	24	72	23	77	35	40	7	69	18	82	92	76	33	58	91	15	29	76
Row 96	9	31	90	22	52	32	85	47	7	52	21	22	69	51	73	70	40	44	64	71	5	72	65	31	34	17	66	75	33	54	88	64	64	72	74	55	92	35	9	82	73	50	62	56	19	6	8	31	13	76	61	46	76	97	55	62	98	89	70	37	50	55	57	6	57	26	94	82	93	59	7	26	54	83	83	4	82	45	66	11	69	39	82	38	84	15	78	60	99	71	52	51	64	15	13	12	26	30	47	25
Row 97	74	14	42	0	77	71	35	5	37	14	89	11	16	6	25	60	21	85	62	35	10	65	76	81	94	72	64	17	64	83	97	20	25	76	45	30	84	42	85	68	14	71	35	26	65	98	44	44	25	26	13	36	47	52	70	76	61	38	84	39	97	29	20	3	48	91	36	12	35	14	59	0	77	97	60	89	40	96	26	87	64	59	53	32	74	11	25	88	48	53	25	43	83	22	42	1	93	81	37	32
Row 98	22	38	29	22	62	68	4	74	70	92	68	32	8	38	37	45	30	85	27	49	3	4	85	29	2	70	32	16	47	74	11	35	66	92	27	56	76	72	92	84	6	54	87	61	63	41	28	89	8	90	6	44	49	6	34	42	25	83	5	26	72	7	82	26	78	34	28	51	6	71	6	15	8	20	2	15	18	38	1	29	81	39	20	71	1	5	17	97	78	58	69	13	91	59	71	59	47	45	51	55
Row 99	92	85	20	78	2	7	14	48	90	91	97	36	76	45	12	36	66	8	69	76	33	49	20	15	38	21	4	61	43	42	44	77	39	84	87	9	20	49	57	15	75	80	76	39	99	35	61	81	34	86	37	95	60	4	4	69	83	64	71	66	41	89	0	39	0	18	54	0	26	85	42	68	87	76	39	2	47	29	74	92	5	54	47	55	59	75	18	65	73	42	11	34	87	78	89	1	53	30	1	3
Row 100	19	17	78	78	84	28	30	21	56	98	66	53	22	46	6	11	47	26	50	2	51	71	82	23	91	73	5	70	66	46	96	92	53	75	37	26	89	67	30	64	5	84	87	19	63	67	98	29	59	51	93	42	23	34	79	96	74	89	15	31	2	56	22	11	7	43	0	78	85	1	87	83	6	63	82	86	65	8	59	73	91	65	73	9	2	64	48	91	53	11	43	41	11	24	97	8	62	98	34	37
